fullname,email_id,phone_number,date,time
priya,priya7@gmail.com,8122384452,2025-09-26,13:00
riya,riya6@gmail.com,9632587456,29-09-2025,09:00
preethi,preethi89@gmail.com,9865324759,27-09-2025,09:00
kavya,kavya7@gmail.com,9875632541,29-09-2025,11:00
ajay,ajay9@gmail.com,9876325414,26-09-2025,09:00
ashwin,ashwin8@gmail.com,8122698857,30-09-2025,11:00
asaha,asaha7@gmail.com,6985325698,26-09-2025,21:00
meni,menis93@gmail.com,9898989898,27-09-2025,17:00
athista,athista12@gmail.com,6983258963,30-09-2025,10:00
kathi,kayhir6@gmail.com,6985326987,26-09-2025,18:00
arun,arun2@gmail.com,9632589654,26-09-2025,09:00
sudar,sundar4@gmail.com,9876321569,26-09-2025,10:00
sweetha,swetha6@gmail.com,9873216325,2025-09-28,09:00
mani,mani3@gmail.com,9632563987,2025-09-28,11:00
packia,packia7@gmail.com,9863524758,2025-09-26,19:00
sam,sam0@gmail.com,9879879876,2025-10-02,10:00
